start_utc,end_utc,elapsed_h,lower_usdt,upper_usdt,grids,qty_eth,start_price_usdt,end_price_usdt,actual_rounds,actual_grid_profit_usdt,resolution,candles_used,edge_gap_start_min,edge_gap_end_min,pred_rounds_conservative,pred_rounds_mid,pred_rounds_optimistic,pred_profit_conservative_usdt,pred_profit_mid_usdt,pred_profit_optimistic_usdt,rounds_abs_error_mid,profit_abs_error_mid_usdt,actual_rounds_within_path_ambiguity,actual_profit_within_path_ambiguity
2026-08-12T09:58:00+00:00,2026-08-13T02:23:00+00:00,16.4167,1750.0,2000.0,30,0.00318,1905.24,1876.36,3,0.07,1hour,16,2.0,23.0,3,3.5,4,0.06407974,0.07477797,0.08547621,0.5,0.00477797,True,True
2026-08-12T09:58:00+00:00,2026-08-13T02:23:00+00:00,16.4167,1750.0,2000.0,30,0.00318,1905.24,1876.36,3,0.07,15min,65,2.0,8.0,3,3.5,4,0.06407974,0.07473685,0.08539397,0.5,0.00473685,True,True
2026-08-12T09:58:00+00:00,2026-08-13T02:23:00+00:00,16.4167,1750.0,2000.0,30,0.00318,1905.24,1876.36,3,0.07,5min,196,2.0,3.0,3,3.5,4,0.06407974,0.07473685,0.08539397,0.5,0.00473685,True,True
2026-08-13T02:23:00+00:00,2026-08-14T02:16:00+00:00,23.8833,1750.0,2000.0,30,0.00318,1876.36,1889.01,6,0.13,1hour,23,37.0,16.0,7,7.5,8,0.14996716,0.16067909,0.17139103,1.5,0.03067909,False,False
2026-08-13T02:23:00+00:00,2026-08-14T02:16:00+00:00,23.8833,1750.0,2000.0,30,0.00318,1876.36,1889.01,6,0.13,15min,95,7.0,1.0,7,7.5,8,0.14996716,0.1606928,0.17141845,1.5,0.0306928,False,False
2026-08-13T02:23:00+00:00,2026-08-14T02:16:00+00:00,23.8833,1750.0,2000.0,30,0.00318,1876.36,1889.01,6,0.13,5min,286,2.0,1.0,7,7.5,8,0.14996716,0.1606928,0.17141845,1.5,0.0306928,False,False
2026-08-16T02:28:00+00:00,2026-08-17T02:18:00+00:00,23.8333,1750.0,2000.0,30,0.00318,1884.44,1888.97,4,0.08,1hour,23,32.0,18.0,5,5.0,5,0.1071194,0.1071331,0.10714681,1.0,0.0271331,False,False
2026-08-16T02:28:00+00:00,2026-08-17T02:18:00+00:00,23.8333,1750.0,2000.0,30,0.00318,1884.44,1888.97,4,0.08,15min,95,2.0,3.0,5,5.5,6,0.10714681,0.11783134,0.12851586,1.5,0.03783134,False,False
2026-08-16T02:28:00+00:00,2026-08-17T02:18:00+00:00,23.8333,1750.0,2000.0,30,0.00318,1884.44,1888.97,4,0.08,5min,285,2.0,3.0,4,4.5,5,0.08569552,0.09640746,0.1071194,0.5,0.01640746,True,False
2026-08-17T02:18:00+00:00,2026-08-18T02:27:00+00:00,24.15,1750.0,2000.0,30,0.00318,1888.97,1897.79,6,0.13,1hour,22,42.0,27.0,6,7.0,8,0.12815948,0.14951483,0.17087017,1.0,0.01951483,True,True
2026-08-17T02:18:00+00:00,2026-08-18T02:27:00+00:00,24.15,1750.0,2000.0,30,0.00318,1888.97,1897.79,6,0.13,15min,94,12.0,12.0,7,7.5,8,0.14952853,0.16021306,0.17089759,1.5,0.03021306,False,False
2026-08-17T02:18:00+00:00,2026-08-18T02:27:00+00:00,24.15,1750.0,2000.0,30,0.00318,1888.97,1897.79,6,0.13,5min,288,2.0,2.0,7,7.5,8,0.14952853,0.16021306,0.17089759,1.5,0.03021306,False,False
2026-08-18T02:27:00+00:00,2026-08-19T02:27:00+00:00,24.0,1750.0,2000.0,30,0.00318,1897.79,1910.47,6,0.13,1hour,23,33.0,27.0,7,7.5,8,0.14950112,0.16017194,0.17084276,1.5,0.03017194,False,False
2026-08-18T02:27:00+00:00,2026-08-19T02:27:00+00:00,24.0,1750.0,2000.0,30,0.00318,1897.79,1910.47,6,0.13,15min,95,3.0,12.0,7,7.5,8,0.14950112,0.16017194,0.17084276,1.5,0.03017194,False,False
2026-08-18T02:27:00+00:00,2026-08-19T02:27:00+00:00,24.0,1750.0,2000.0,30,0.00318,1897.79,1910.47,6,0.13,5min,287,3.0,2.0,7,7.0,7,0.14950112,0.14950112,0.14950112,1.0,0.01950112,False,False
2026-08-20T02:29:00+00:00,2026-08-21T02:01:26.951911+00:00,23.5408,2050.0,2300.0,30,0.00275,2257.89,2357.0,29,0.52931403,1hour,23,31.0,1.4333,24,27.0,30,0.41901466,0.47137371,0.52373276,2.0,0.05794032,True,False
2026-08-20T02:29:00+00:00,2026-08-21T02:01:26.951911+00:00,23.5408,2050.0,2300.0,30,0.00275,2257.89,2357.0,29,0.52931403,15min,94,1.0,1.4333,33,35.0,37,0.57617478,0.61106897,0.64596315,6.0,0.08175494,False,False
2026-08-20T02:29:00+00:00,2026-08-21T02:01:26.951911+00:00,23.5408,2050.0,2300.0,30,0.00275,2257.89,2357.0,29,0.52931403,5min,282,1.0,1.4333,34,35.0,36,0.59335517,0.61082004,0.62828491,6.0,0.08150601,False,False
2026-08-22T12:21:47.592028+00:00,2026-08-23T11:40:01.812970+00:00,23.304,2185.0,2585.0,21,0.00371,2434.98,2437.8,5,0.32642435,1hour,22,38.2167,40.0167,6,6.5,7,0.3916647,0.42432198,0.45697925,1.5,0.09789762,False,False
2026-08-22T12:21:47.592028+00:00,2026-08-23T11:40:01.812970+00:00,23.304,2185.0,2585.0,21,0.00371,2434.98,2437.8,5,0.32642435,15min,92,8.2167,10.0167,5,5.5,6,0.32642435,0.35911872,0.3918131,0.5,0.03269437,True,True
2026-08-22T12:21:47.592028+00:00,2026-08-23T11:40:01.812970+00:00,23.304,2185.0,2585.0,21,0.00371,2434.98,2437.8,5,0.32642435,5min,279,3.2167,0.0167,5,5.0,5,0.32642435,0.32642435,0.32642435,0.0,0.0,True,True
2026-08-23T11:40:01.812970+00:00,2026-08-24T10:57:35.314767+00:00,23.2926,2185.0,2585.0,21,0.00371,2437.8,2462.61,12,0.79508082,1hour,22,19.9833,57.5833,11,11.5,12,0.71645665,0.74900263,0.7815486,0.5,0.0460782,True,False
2026-08-23T11:40:01.812970+00:00,2026-08-24T10:57:35.314767+00:00,23.2926,2185.0,2585.0,21,0.00371,2437.8,2462.61,12,0.79508082,15min,92,4.9833,12.5833,13,13.5,14,0.84664055,0.87914943,0.9116583,1.5,0.0840686,False,False
2026-08-23T11:40:01.812970+00:00,2026-08-24T10:57:35.314767+00:00,23.2926,2185.0,2585.0,21,0.00371,2437.8,2462.61,12,0.79508082,5min,278,4.9833,2.5833,13,13.0,13,0.84656635,0.84660345,0.84664055,1.0,0.05152263,False,False
2026-08-25T04:04:45.517531+00:00,2026-08-26T03:28:39.523170+00:00,23.3983,2190.0,2630.0,22,0.00351,2497.84,2463.32,4,0.25978352,1hour,22,55.25,28.65,6,6.5,7,0.3893994,0.42183096,0.45426253,2.5,0.16204744,False,False
2026-08-25T04:04:45.517531+00:00,2026-08-26T03:28:39.523170+00:00,23.3983,2190.0,2630.0,22,0.00351,2497.84,2463.32,4,0.25978352,15min,92,10.25,13.65,5,5.0,5,0.32453627,0.32453627,0.32453627,1.0,0.06475275,False,False
2026-08-25T04:04:45.517531+00:00,2026-08-26T03:28:39.523170+00:00,23.3983,2190.0,2630.0,22,0.00351,2497.84,2463.32,4,0.25978352,5min,280,0.25,3.65,5,5.0,5,0.32453627,0.32453627,0.32453627,1.0,0.06475275,False,False
2026-08-26T03:28:39.523170+00:00,2026-08-27T02:29:50.968238+00:00,23.0198,2190.0,2630.0,22,0.00351,2463.32,2495.86,5,0.32441766,1hour,22,31.35,29.8333,4,4.5,5,0.25945251,0.29184731,0.3242421,0.5,0.03257036,True,True
2026-08-26T03:28:39.523170+00:00,2026-08-27T02:29:50.968238+00:00,23.0198,2190.0,2630.0,22,0.00351,2463.32,2495.86,5,0.32441766,15min,91,1.35,14.8333,4,4.0,4,0.25945251,0.25945251,0.25945251,1.0,0.06496515,False,False
2026-08-26T03:28:39.523170+00:00,2026-08-27T02:29:50.968238+00:00,23.0198,2190.0,2630.0,22,0.00351,2463.32,2495.86,5,0.32441766,5min,275,1.35,4.8333,4,4.0,4,0.25945251,0.25945251,0.25945251,1.0,0.06496515,False,False
2026-08-27T02:29:50.968238+00:00,2026-08-28T02:28:31.584808+00:00,23.9779,2190.0,2630.0,22,0.00351,2495.86,2495.87,6,0.39718167,1hour,23,30.1667,28.5167,7,7.0,7,0.45308584,0.45308584,0.45308584,1.0,0.05590418,False,False
2026-08-27T02:29:50.968238+00:00,2026-08-28T02:28:31.584808+00:00,23.9779,2190.0,2630.0,22,0.00351,2495.86,2495.87,6,0.39718167,15min,95,0.1667,13.5167,7,7.0,7,0.45308584,0.45308584,0.45308584,1.0,0.05590418,False,False
2026-08-27T02:29:50.968238+00:00,2026-08-28T02:28:31.584808+00:00,23.9779,2190.0,2630.0,22,0.00351,2495.86,2495.87,6,0.39718167,5min,287,0.1667,3.5167,6,6.0,6,0.3883698,0.3883698,0.3883698,0.0,0.00881187,True,False
2026-08-28T02:28:31.584808+00:00,2026-08-29T02:17:46.055767+00:00,23.8207,2190.0,2630.0,22,0.00351,2495.87,2440.56,6,0.38905521,1hour,23,31.4833,17.7667,6,7.0,8,0.38910523,0.45396836,0.51883149,1.0,0.06491315,True,True
2026-08-28T02:28:31.584808+00:00,2026-08-29T02:17:46.055767+00:00,23.8207,2190.0,2630.0,22,0.00351,2495.87,2440.56,6,0.38905521,15min,95,1.4833,2.7667,6,6.5,7,0.38910523,0.42150002,0.45389481,0.5,0.03244481,True,True
2026-08-28T02:28:31.584808+00:00,2026-08-29T02:17:46.055767+00:00,23.8207,2190.0,2630.0,22,0.00351,2495.87,2440.56,6,0.38905521,5min,285,1.4833,2.7667,6,6.5,7,0.38910523,0.42161034,0.45411544,0.5,0.03255513,True,True
2026-08-29T02:17:46.055767+00:00,2026-08-30T01:39:42.242191+00:00,23.3656,2190.0,2630.0,22,0.00351,2440.56,2457.34,1,0.06496343,1hour,22,42.2333,39.7,2,2.0,2,0.12994689,0.12994689,0.12994689,1.0,0.06498345,False,False
2026-08-29T02:17:46.055767+00:00,2026-08-30T01:39:42.242191+00:00,23.3656,2190.0,2630.0,22,0.00351,2440.56,2457.34,1,0.06496343,15min,92,12.2333,9.7,2,2.0,2,0.12994689,0.12994689,0.12994689,1.0,0.06498345,False,False
2026-08-29T02:17:46.055767+00:00,2026-08-30T01:39:42.242191+00:00,23.3656,2190.0,2630.0,22,0.00351,2440.56,2457.34,1,0.06496343,5min,279,2.2333,4.7,2,2.0,2,0.12994689,0.12994689,0.12994689,1.0,0.06498345,False,False
2026-08-30T01:39:42.242191+00:00,2026-08-31T01:36:37.324539+00:00,23.9486,2190.0,2630.0,22,0.00351,2457.34,2419.79,5,0.32427393,1hour,23,20.3,36.6167,8,9.0,10,0.51875794,0.58376816,0.64877837,4.0,0.25949423,False,False
2026-08-30T01:39:42.242191+00:00,2026-08-31T01:36:37.324539+00:00,23.9486,2190.0,2630.0,22,0.00351,2457.34,2419.79,5,0.32427393,15min,95,5.3,6.6167,7,7.0,7,0.4540419,0.45411544,0.45418899,2.0,0.12984151,False,False
2026-08-30T01:39:42.242191+00:00,2026-08-31T01:36:37.324539+00:00,23.9486,2190.0,2630.0,22,0.00351,2457.34,2419.79,5,0.32427393,5min,287,0.3,1.6167,7,7.0,7,0.4540419,0.45411544,0.45418899,2.0,0.12984151,False,False
2026-08-31T01:36:37.324539+00:00,2026-09-01T02:30:14.368042+00:00,24.8936,2190.0,2630.0,22,0.00351,2419.79,2459.3,4,0.25978352,1hour,24,23.3833,30.2333,5,6.0,7,0.32483044,0.38980389,0.45477733,2.0,0.13002036,False,False
2026-08-31T01:36:37.324539+00:00,2026-09-01T02:30:14.368042+00:00,24.8936,2190.0,2630.0,22,0.00351,2419.79,2459.3,4,0.25978352,15min,99,8.3833,0.2333,5,5.0,5,0.32483044,0.32483044,0.32483044,1.0,0.06504692,False,False
2026-08-31T01:36:37.324539+00:00,2026-09-01T02:30:14.368042+00:00,24.8936,2190.0,2630.0,22,0.00351,2419.79,2459.3,4,0.25978352,5min,298,3.3833,0.2333,5,5.0,5,0.32483044,0.32483044,0.32483044,1.0,0.06504692,False,False
2026-09-01T02:30:14.368042+00:00,2026-09-02T04:46:30.894517+00:00,26.2713,2190.0,2630.0,22,0.00351,2459.3,2415.88,3,0.19500561,1hour,25,29.7667,46.5,4,4.5,5,0.25996731,0.29247242,0.32497753,1.5,0.09746681,False,False
2026-09-01T02:30:14.368042+00:00,2026-09-02T04:46:30.894517+00:00,26.2713,2190.0,2630.0,22,0.00351,2459.3,2415.88,3,0.19500561,15min,104,14.7667,1.5,4,4.0,4,0.25996731,0.25996731,0.25996731,1.0,0.0649617,False,False
2026-09-01T02:30:14.368042+00:00,2026-09-02T04:46:30.894517+00:00,26.2713,2190.0,2630.0,22,0.00351,2459.3,2415.88,3,0.19500561,5min,314,4.7667,1.5,4,4.0,4,0.25996731,0.25996731,0.25996731,1.0,0.0649617,False,False
2026-09-02T04:46:30.894517+00:00,2026-09-03T04:44:31.041520+00:00,23.9667,2190.0,2630.0,22,0.00351,2415.88,2397.83,4,0.26070446,1hour,23,13.5,44.5167,6,6.0,6,0.3909438,0.3909438,0.3909438,2.0,0.13023934,False,False
2026-09-02T04:46:30.894517+00:00,2026-09-03T04:44:31.041520+00:00,23.9667,2190.0,2630.0,22,0.00351,2415.88,2397.83,4,0.26070446,15min,94,13.5,14.5167,5,5.0,5,0.3257865,0.3257865,0.3257865,1.0,0.06508204,False,False
2026-09-02T04:46:30.894517+00:00,2026-09-03T04:44:31.041520+00:00,23.9667,2190.0,2630.0,22,0.00351,2415.88,2397.83,4,0.26070446,5min,286,3.5,4.5167,5,5.0,5,0.3257865,0.3257865,0.3257865,1.0,0.06508204,False,False
2026-09-03T04:44:31.041520+00:00,2026-09-04T04:43:09.481569+00:00,23.9773,2190.0,2630.0,22,0.00351,2397.83,2515.12,7,0.45409217,1hour,23,15.4833,43.15,8,9.5,11,0.51927274,0.61656744,0.71386213,2.5,0.16247526,False,False
2026-09-03T04:44:31.041520+00:00,2026-09-04T04:43:09.481569+00:00,23.9773,2190.0,2630.0,22,0.00351,2397.83,2515.12,7,0.45409217,15min,95,0.4833,13.15,8,8.5,9,0.51927274,0.55170431,0.58413587,1.5,0.09761213,False,False
2026-09-03T04:44:31.041520+00:00,2026-09-04T04:43:09.481569+00:00,23.9773,2190.0,2630.0,22,0.00351,2397.83,2515.12,7,0.45409217,5min,287,0.4833,3.15,8,8.5,9,0.51927274,0.55170431,0.58413587,1.5,0.09761213,False,False
2026-09-04T04:43:09.481569+00:00,2026-09-05T04:38:53.610935+00:00,23.9289,2190.0,2630.0,22,0.00351,2515.12,2450.62,6,0.38923069,1hour,23,16.85,38.8833,5,6.5,8,0.32394793,0.42124262,0.51853731,0.5,0.03201193,True,True
2026-09-04T04:43:09.481569+00:00,2026-09-05T04:38:53.610935+00:00,23.9289,2190.0,2630.0,22,0.00351,2515.12,2450.62,6,0.38923069,15min,95,1.85,8.8833,4,6.0,8,0.25923189,0.3888846,0.51853731,0.0,0.00034609,True,True
2026-09-04T04:43:09.481569+00:00,2026-09-05T04:38:53.610935+00:00,23.9289,2190.0,2630.0,22,0.00351,2515.12,2450.62,6,0.38923069,5min,286,1.85,3.8833,6,7.5,9,0.38910523,0.48628961,0.58347399,1.5,0.09705892,True,True
2026-09-05T04:38:53.610935+00:00,2026-09-05T19:29:47.482332+00:00,14.8483,2190.0,2630.0,22,0.00351,2450.62,2479.69,1,0.06485478,1hour,14,21.1167,29.7833,2,2.0,2,0.1297998,0.1297998,0.1297998,1.0,0.06494502,False,False
2026-09-05T04:38:53.610935+00:00,2026-09-05T19:29:47.482332+00:00,14.8483,2190.0,2630.0,22,0.00351,2450.62,2479.69,1,0.06485478,15min,58,6.1167,14.7833,2,2.0,2,0.1297998,0.1297998,0.1297998,1.0,0.06494502,False,False
2026-09-05T04:38:53.610935+00:00,2026-09-05T19:29:47.482332+00:00,14.8483,2190.0,2630.0,22,0.00351,2450.62,2479.69,1,0.06485478,5min,176,1.1167,9.7833,2,2.0,2,0.1297998,0.1297998,0.1297998,1.0,0.06494502,False,False
