captured_at_local,captured_at_utc,pair,investment_usdt,current_profit_usdt,current_profit_pct,grid_profit_usdt,grid_profit_pct,trend_pnl_usdt,trend_pnl_pct,grid_annualized_pct,total_annualized_pct,rounds_24h,rounds_total,avg_transactions_per_day,lower_limit_usdt,upper_limit_usdt,grids,current_price_usdt,eth_holdings,usdt_holdings,quantity_per_grid_eth,start_price_usdt,profit_per_grid_min_pct_fee_deducted,profit_per_grid_max_pct_fee_deducted,take_profit,stop_loss,trigger_price,trailing_up,reinvest_profits_automatically,runtime_display,source_note
2026-08-12T11:58:00+02:00,2026-08-12T09:58:00+00:00,ETH/USDT,510,-166.16,-32.58,172.27,33.78,-338.44,-66.36,50.18,-44.33,7,4262,17.32,1750,2000,30,1905.24,0.03515,276.86,0.00318,3389.82,0.33,0.39,,,,,false,245D 16H 40m,Manual transcription from four Pionex screenshots supplied 2026-08-12; current price shown as 1905.24/1905.27 across screens.
2026-08-13T04:23:00+02:00,2026-08-13T02:23:00+00:00,ETH/USDT,510,-167.23,-32.79,172.34,33.79,-339.58,-66.59,50.06,-44.5,6,4265,17.26,1750,2000,30,1876.36,0.04468,258.92,0.00318,3389.82,0.33,0.39,,,,,false,246D 9H 5m,"Manual transcription from Pionex screenshots supplied 2026-08-13; device clock 04:23, unchanged 1750-2000 / 30-grid geometry."
2026-08-14T04:16:00+02:00,2026-08-14T02:16:00+00:00,ETH/USDT,510,-166.56,-32.66,172.47,33.81,-339.04,-66.48,49.9,-44.2,6,4271,17.22,1750,2000,30,1889.01,0.04149,265.05,0.00318,3389.82,0.33,0.39,,,,,false,247D 8H 59m,"Manual transcription from Pionex screenshots supplied 2026-08-14; device clock 04:16/04:17, unchanged 1750-2000 / 30-grid geometry."
2026-08-16T04:28:00+02:00,2026-08-16T02:28:00+00:00,ETH/USDT,510,-166.67,-32.69,172.54,33.83,-339.22,-66.52,49.51,-43.97,0,4274,17.09,1750,2000,30,1884.44,0.04467,259.14,0.00318,3389.82,0.33,0.39,,,,,false,249D 9H 10m,Manual transcription from four Pionex screenshots supplied 2026-08-16 at 04:28 SAST; unchanged 1750-2000 / 30-grid geometry; Pionex reports 0 completed rounds in prior 24h.
2026-08-17T04:18:00+02:00,2026-08-17T02:18:00+00:00,ETH/USDT,510,-166.41,-32.63,172.62,33.84,-339.04,-66.48,49.34,-43.78,4,4278,17.04,1750,2000,30,1888.97,0.03830,271.22,0.00318,3389.82,0.33,0.39,,,,,false,250D 9H 1m,"Manual transcription from four Pionex screenshots supplied 2026-08-17; device clock 04:18/04:19 SAST, unchanged 1750-2000 / 30-grid geometry."
2026-08-18T04:27:00+02:00,2026-08-18T02:27:00+00:00,ETH/USDT,510,-165.95,-32.54,172.75,33.87,-338.70,-66.42,49.18,-43.54,6,4284,17,1750,2000,30,1897.79,0.03512,277.4,0.00318,3389.82,0.33,0.39,,,,,false,251D 9H 10m,Manual transcription from four Pionex screenshots supplied 2026-08-18 at 04:27 SAST; unchanged 1750-2000 / 30-grid geometry. Reports screen price 1897.79; Placed screen showed 1898.23 moments later. A 'To Sell' leg is visible at 08/18 03:42.
2026-08-19T04:27:00+02:00,2026-08-19T02:27:00+00:00,ETH/USDT,510,-165.39,-32.43,172.88,33.89,-338.27,-66.33,49.02,-43.28,6,4290,16.95,1750,2000,30,1910.47,0.03193,283.6,0.00318,3389.82,0.33,0.39,,,,,false,252D 9H 10m,Manual transcription from four Pionex screenshots supplied 2026-08-19 at 04:27/04:28 SAST; unchanged 1750-2000 / 30-grid geometry. Reports screen price 1910.47; Placed screen showed 1910.19 moments later. Six completed rounds in prior 24h; a 'To Sell' leg is visible at 08/18 16:37.
2026-08-19T11:22:00+02:00,2026-08-19T09:22:00+00:00,ETH/USDT,510,-165.0,-32.36,172.9,33.9,-337.9,-66.26,48.97,-43.15,5,4291,16.96,1750,2000,30,1922.92,0.02875,289.71,0.00318,3389.82,0.33,0.39,,,,,false,252D 16H 4m,Manual transcription from four Pionex screenshots supplied 2026-08-19 at 11:22 SAST; unchanged 1750-2000 / 30-grid geometry. Current price 1922.92. Five completed rounds in rolling prior 24h; lifetime round #4291 completed at 10:38. Nearest displayed buy 1913.79 and sell 1931.03.
2026-08-19T17:21:00+02:00,2026-08-19T15:21:00+00:00,ETH/USDT,510,-163.78,-32.12,173.14,33.95,-336.93,-66.07,48.99,-42.83,11,4301,17,1800,2050,30,2014.55,0.01253,320.96,0.0031,3389.82,0.32,0.37,,,,,false,252D 22H 3m,Manual transcription from four Pionex screenshots supplied 2026-08-19 at 17:21 SAST. Grid geometry changed since prior state to 1800-2050 / 30 grids; exact edit time unknown. Reports price 2014.55; Placed screen 2013.61. Lifetime round #4301 visible at 17:05.
2026-08-19T17:56:00+02:00,2026-08-19T15:56:00+00:00,ETH/USDT,510,-163.62,-32.09,173.3,33.98,-336.92,-66.07,49.03,-42.78,18,4308,17.02,1850,2100,30,2082.85,0.00619,333.49,0.00302,3389.82,0.31,0.36,,,,,false,252D 22H 39m,Manual transcription from four Pionex screenshots supplied 2026-08-19 at 17:56/17:57 SAST. Grid geometry changed since prior state to 1850-2100 / 30 grids; exact edit time unknown. Reports price 2082.85; Placed screen 2083.37. Seven additional completed rounds since 17:21; #4308 at 17:37.
2026-08-20T04:29:00+02:00,2026-08-20T02:29:00+00:00,ETH/USDT,510,-163.02,-31.97,173.56,34.03,-336.59,-66,49.02,-42.59,35,4325,17.02,2050,2300,30,2257.89,0.01387,315.65,0.00275,3389.82,0.27,0.32,,,,,false,253D 9H 11m,Manual transcription from four Pionex screenshots supplied 2026-08-20 at 04:29 SAST. Grid geometry changed since prior state to 2050-2300 / 30 grids; exact edit time unknown. Reports price 2257.89; Placed screen 2258.00. Rolling 24h shows 35 completed rounds; lifetime 4325.
2026-08-21T04:01:26.951911+02:00,2026-08-21T02:01:26.951911+00:00,ETH/USDT,510.0,-162.26307560154999,-31.816289333637254,174.0893140297,34.135159613666666,-336.35238963125,-65.95144894730392,48.982295,,29,4354,17.117201,2050.0,2300.0,30,2357.0,9.225e-05,347.51949114845,0.00275,3389.82,0.27,0.32,,,,,false,254D 8H 44m,Automated read-only Pionex Bot API state; canonical_reason=DAILY_CANONICAL_GE_23H; rounds_total is confirmed exchangeOrderPairedCount; total/trend P&L are mark-to-market reconstructions from bot balances and ETH/USDT ticker.
2026-08-21T06:34:05.398790+02:00,2026-08-21T04:34:05.398790+00:00,ETH/USDT,510.0,-162.08518220035,-31.781408274578432,174.0893140297,34.135159613666666,-336.17449623005,-65.9165678882451,48.961891,,,4354,17.110071,2200.0,2515.0,21,2349.44,0.041361605,250.73820854845,0.00375,3389.82,0.53,0.61,,,,,false,254D 11H 17m,Automated read-only Pionex Bot API state; canonical_reason=STRUCTURAL_BREAK_GEOMETRY_CHANGE; rounds_total is confirmed exchangeOrderPairedCount; total/trend P&L are mark-to-market reconstructions from bot balances and ETH/USDT ticker.
2026-08-22T06:00:28.828727+02:00,2026-08-22T04:00:28.828727+00:00,ETH/USDT,510.0,-157.73172911954998,-30.92779002344117,175.5393659047,34.41948351072549,-333.27109502425,-65.34727353416666,49.180955,,28,4382,17.154265,2250.0,2565.0,33,2517.45,0.011563985,323.1565168422,0.00229,3389.82,0.28,0.33,,,,,false,255D 10H 43m,Automated read-only Pionex Bot API state; canonical_reason=STRUCTURAL_BREAK_GEOMETRY_CHANGE; rounds_total is confirmed exchangeOrderPairedCount; total/trend P&L are mark-to-market reconstructions from bot balances and ETH/USDT ticker.
2026-08-22T14:21:47.592028+02:00,2026-08-22T12:21:47.592028+00:00,ETH/USDT,510.0,-158.90705445139997,-31.15824597086274,176.00164081945,34.510125650872546,-334.90869527085,-65.66837162173529,49.24336,,43,4408,17.232562,2185.0,2585.0,21,2434.98,0.02986391,278.3749219768,0.00371,3389.82,0.67,0.81,,,,,false,255D 19H 5m,Automated read-only Pionex Bot API state; canonical_reason=STRUCTURAL_BREAK_GEOMETRY_CHANGE; rounds_total is confirmed exchangeOrderPairedCount; total/trend P&L are mark-to-market reconstructions from bot balances and ETH/USDT ticker.
2026-08-23T13:40:01.812970+02:00,2026-08-23T11:40:01.812970+00:00,ETH/USDT,510.0,-158.4968293952,-31.077809685333328,176.32806516945,34.57413042538236,-334.82489456465,-65.65194011071569,49.148123,,6,4413,17.186868,2185.0,2585.0,21,2437.8,0.029854635,278.7235414018,0.00371,3389.82,0.67,0.81,,,,,false,256D 18H 23m,Automated read-only Pionex Bot API state; canonical_reason=DAILY_CANONICAL_GE_23H; rounds_total is confirmed exchangeOrderPairedCount; total/trend P&L are mark-to-market reconstructions from bot balances and ETH/USDT ticker.
2026-08-24T12:57:35.314767+02:00,2026-08-24T10:57:35.314767+00:00,ETH/USDT,510.0,-157.17096891634998,-30.817837042421566,177.12314599445,34.730028626362746,-334.2941149108,-65.54786566878431,49.183832,,13,4425,17.168709,2185.0,2585.0,21,2462.61,0.022416085,297.6269560018,0.00371,3389.82,0.67,0.81,,,,,false,257D 17H 40m,Automated read-only Pionex Bot API state; canonical_reason=DAILY_CANONICAL_GE_23H; rounds_total is confirmed exchangeOrderPairedCount; total/trend P&L are mark-to-market reconstructions from bot balances and ETH/USDT ticker.
2026-08-25T06:04:45.517531+02:00,2026-08-25T04:04:45.517531+00:00,ETH/USDT,510.0,-155.9480312522,-30.578045343568625,177.78176374445,34.85916936165686,-333.72979499664996,-65.43721470522547,49.230467,,13,4435,17.160016,2190.0,2630.0,22,2497.84,0.02116815,301.1773169518,0.00351,3389.82,0.7,0.85,,,,,false,258D 10H 47m,Automated read-only Pionex Bot API state; canonical_reason=STRUCTURAL_BREAK_GEOMETRY_CHANGE; rounds_total is confirmed exchangeOrderPairedCount; total/trend P&L are mark-to-market reconstructions from bot balances and ETH/USDT ticker.
2026-08-26T05:28:39.523170+02:00,2026-08-26T03:28:39.523170+00:00,ETH/USDT,510.0,-156.49470793984995,-30.68523685095097,178.04154726845,34.910107307539214,-334.53625520829996,-65.59534415849019,49.117124,,4,4439,17.110946,2190.0,2630.0,22,2463.32,0.02817762,284.09479716175,0.00351,3389.82,0.7,0.85,,,,,false,259D 10H 11m,Automated read-only Pionex Bot API state; canonical_reason=DAILY_CANONICAL_GE_23H; rounds_total is confirmed exchangeOrderPairedCount; total/trend P&L are mark-to-market reconstructions from bot balances and ETH/USDT ticker.
2026-08-27T04:29:50.968238+02:00,2026-08-27T02:29:50.968238+00:00,ETH/USDT,510.0,-155.40645574145003,-30.47185406695099,178.3659649328,34.97371861427451,-333.77242067425004,-65.4455726812255,49.025363,,5,4444,17.067118,2190.0,2630.0,22,2495.86,0.021152355,301.80022750825,0.00351,3389.82,0.7,0.85,,,,,false,260D 9H 13m,Automated read-only Pionex Bot API state; canonical_reason=DAILY_CANONICAL_GE_23H; rounds_total is confirmed exchangeOrderPairedCount; total/trend P&L are mark-to-market reconstructions from bot balances and ETH/USDT ticker.
2026-08-28T04:28:31.584808+02:00,2026-08-28T02:28:31.584808+00:00,ETH/USDT,510.0,-155.0178375512,-30.39565442180392,178.7631465995,35.051597372450985,-333.78098415069996,-65.4472517942549,48.946725,,6,4450,17.024837,2190.0,2630.0,22,2495.87,0.021141825,302.21491568605,0.00351,3389.82,0.7,0.85,,,,,false,261D 9H 11m,Automated read-only Pionex Bot API state; canonical_reason=DAILY_CANONICAL_GE_23H; rounds_total is confirmed exchangeOrderPairedCount; total/trend P&L are mark-to-market reconstructions from bot balances and ETH/USDT ticker.
2026-08-29T04:17:46.055767+02:00,2026-08-29T02:17:46.055767+00:00,ETH/USDT,510.0,-156.04044923419997,-30.596166516509797,179.1522018089,35.12788270762745,-335.1926510431,-65.72404922413726,48.86769,,6,4456,16.983303,2190.0,2630.0,22,2440.56,0.03165603,276.701110189,0.00351,3389.82,0.7,0.85,,,,,false,262D 9H 0m,Automated read-only Pionex Bot API state; canonical_reason=DAILY_CANONICAL_GE_23H; rounds_total is confirmed exchangeOrderPairedCount; total/trend P&L are mark-to-market reconstructions from bot balances and ETH/USDT ticker.
2026-08-30T03:39:42.242191+02:00,2026-08-30T01:39:42.242191+00:00,ETH/USDT,510.0,-155.49589212770002,-30.489390613274516,179.2171652399,35.14062063527451,-334.7130573676,-65.63001124854902,48.704687,,1,4457,16.924315,2190.0,2630.0,22,2457.34,0.02814603,285.3397425121,0.00351,3389.82,0.7,0.85,,,,,false,263D 8H 22m,Automated read-only Pionex Bot API state; canonical_reason=DAILY_CANONICAL_GE_23H; rounds_total is confirmed exchangeOrderPairedCount; total/trend P&L are mark-to-market reconstructions from bot balances and ETH/USDT ticker.
2026-08-31T03:36:37.324539+02:00,2026-08-31T01:36:37.324539+00:00,ETH/USDT,510.0,-156.31774027335,-30.650537308500002,179.54143916975,35.20420375877451,-335.8591794431,-65.85474106727452,48.608629,,5,4462,16.879343,2190.0,2630.0,22,2419.79,0.035193725,268.5208359089,0.00351,3389.82,0.7,0.85,,,,,false,264D 8H 19m,Automated read-only Pionex Bot API state; canonical_reason=DAILY_CANONICAL_GE_23H; rounds_total is confirmed exchangeOrderPairedCount; total/trend P&L are mark-to-market reconstructions from bot balances and ETH/USDT ticker.
2026-09-01T04:30:14.368042+02:00,2026-09-01T02:30:14.368042+00:00,ETH/USDT,510.0,-154.85799813165,-30.364313359147054,179.80122269375,35.255141704656864,-334.6592208254,-65.61945506380393,48.488704,,4,4466,16.828444,2190.0,2630.0,22,2459.3,0.028170215,285.86299211885,0.00351,3389.82,0.7,0.85,,,,,false,265D 9H 13m,Automated read-only Pionex Bot API state; canonical_reason=DAILY_CANONICAL_GE_23H; rounds_total is confirmed exchangeOrderPairedCount; total/trend P&L are mark-to-market reconstructions from bot balances and ETH/USDT ticker.
2026-09-02T06:46:30.894517+02:00,2026-09-02T04:46:30.894517+00:00,ETH/USDT,510.0,-156.00035510779998,-30.588304923098036,179.9962283078,35.29337809956863,-335.99658341559996,-65.88168302266666,48.341896,,3,4469,16.770575,2190.0,2630.0,22,2415.88,0.03518144,269.005507625,0.00351,3389.82,0.7,0.85,,,,,false,266D 11H 29m,Automated read-only Pionex Bot API state; canonical_reason=DAILY_CANONICAL_GE_23H; rounds_total is confirmed exchangeOrderPairedCount; total/trend P&L are mark-to-market reconstructions from bot balances and ETH/USDT ticker.
2026-09-03T06:44:31.041520+02:00,2026-09-03T04:44:31.041520+00:00,ETH/USDT,510.0,-156.3849877212,-30.663723082588234,180.25693276805,35.34449662118628,-336.64192048924997,-66.0082197037745,48.231171,,4,4473,16.722917,2190.0,2630.0,22,2397.83,0.038682665,260.86055766185,0.00351,3389.82,0.7,0.85,,,,,false,267D 11H 27m,Automated read-only Pionex Bot API state; canonical_reason=DAILY_CANONICAL_GE_23H; rounds_total is confirmed exchangeOrderPairedCount; total/trend P&L are mark-to-market reconstructions from bot balances and ETH/USDT ticker.
2026-09-04T06:43:09.481569+02:00,2026-09-04T04:43:09.481569+00:00,ETH/USDT,510.0,-152.66542622365,-29.9343972987549,180.71102494295,35.433534302539215,-333.37645116659996,-65.36793160129412,48.172742,,7,4480,16.686761,2190.0,2630.0,22,2515.12,0.021169135,304.09165895515,0.00351,3389.82,0.7,0.85,,,,,false,268D 11H 26m,Automated read-only Pionex Bot API state; canonical_reason=DAILY_CANONICAL_GE_23H; rounds_total is confirmed exchangeOrderPairedCount; total/trend P&L are mark-to-market reconstructions from bot balances and ETH/USDT ticker.
2026-09-05T06:38:53.610935+02:00,2026-09-05T04:38:53.610935+00:00,ETH/USDT,510.0,-153.80613558564994,-30.15806580110783,181.1002556348,35.509854046039216,-334.9063912204499,-65.66791984714703,48.09788,,6,4486,16.647286,2190.0,2630.0,22,2450.62,0.028175095,287.14741310545,0.00351,3389.82,0.7,0.85,,,,,false,269D 11H 22m,Automated read-only Pionex Bot API state; canonical_reason=DAILY_CANONICAL_GE_23H; rounds_total is confirmed exchangeOrderPairedCount; total/trend P&L are mark-to-market reconstructions from bot balances and ETH/USDT ticker.
