target_pct,horizon_h,n_total,n_hit,p_hit,t_hit_p25,t_hit_median,t_hit_p75,mdd_p25,mdd_median,mdd_p75
0.5,12,3991,2822,0.707091,1.0,2.0,5.0,-0.69825,-0.2789,-0.04855
0.5,24,3991,3201,0.802055,1.0,3.0,7.0,-0.8511,-0.3457,-0.0749
0.5,36,3991,3398,0.851416,1.0,3.0,8.0,-0.942225,-0.38005,-0.088425
0.5,48,3991,3491,0.874718,1.0,3.0,9.0,-0.99615,-0.3978,-0.0954
0.5,60,3991,3544,0.887998,1.0,3.0,10.0,-1.0563,-0.41125,-0.099475
0.5,72,3991,3596,0.901027,1.0,3.0,10.0,-1.1239,-0.4215,-0.102875
0.5,84,3991,3652,0.915059,1.0,3.0,11.0,-1.17505,-0.4351,-0.105575
0.5,96,3991,3692,0.925081,1.0,3.0,12.0,-1.226775,-0.4426,-0.10845
1.0,12,3991,2003,0.501879,2.0,4.0,7.0,-0.8673,-0.3443,-0.0748
1.0,24,3991,2563,0.642195,2.0,5.0,11.0,-1.03,-0.4481,-0.1199
1.0,36,3991,2882,0.722125,3.0,7.0,15.0,-1.2584,-0.5118,-0.15095
1.0,48,3991,3063,0.767477,3.0,7.0,18.0,-1.3444,-0.5437,-0.16615
1.0,60,3991,3187,0.798547,3.0,8.0,20.0,-1.4202,-0.5696,-0.1752
1.0,72,3991,3277,0.821097,3.0,8.0,22.0,-1.5137,-0.5999,-0.1838
1.0,84,3991,3350,0.839389,3.0,9.0,23.0,-1.592725,-0.6221,-0.19085
1.0,96,3991,3403,0.852669,3.0,9.0,24.0,-1.66075,-0.6474,-0.19545
2.0,12,3991,954,0.239038,3.0,5.0,9.0,-0.89425,-0.35715,-0.074875
2.0,24,3991,1563,0.391631,5.0,10.0,16.0,-1.1752,-0.5416,-0.15985
2.0,36,3991,1985,0.497369,6.0,13.0,23.0,-1.3975,-0.6287,-0.1953
2.0,48,3991,2287,0.573039,6.5,16.0,28.0,-1.52165,-0.7184,-0.24485
2.0,60,3991,2493,0.624655,7.0,18.0,33.0,-1.6086,-0.7728,-0.2723
2.0,72,3991,2670,0.669005,8.0,19.0,37.0,-1.778875,-0.84975,-0.30285
2.0,84,3991,2784,0.69757,8.0,21.0,40.0,-1.906275,-0.89805,-0.319725
2.0,96,3991,2882,0.722125,9.0,22.0,43.0,-2.0475,-0.94345,-0.34075
3.0,12,3991,513,0.128539,4.0,6.0,9.0,-0.8283,-0.3308,-0.0641
3.0,24,3991,919,0.230268,6.0,11.0,18.0,-1.1485,-0.5283,-0.14565
3.0,36,3991,1299,0.325482,8.0,16.0,26.0,-1.432,-0.6217,-0.1889
3.0,48,3991,1625,0.407166,10.0,21.0,34.0,-1.6473,-0.769,-0.2557
3.0,60,3991,1870,0.468554,11.0,25.0,40.0,-1.739425,-0.83565,-0.286875
3.0,72,3991,2072,0.519168,13.0,28.0,45.0,-1.884075,-0.9247,-0.3204
3.0,84,3991,2213,0.554498,14.0,30.0,50.0,-2.003,-0.9677,-0.3594
3.0,96,3991,2325,0.582561,14.0,32.0,54.0,-2.0834,-0.9997,-0.3808
5.0,12,3991,205,0.051366,5.0,7.0,10.0,-0.7982,-0.2762,-0.0466
5.0,24,3991,440,0.110248,8.0,13.5,19.0,-1.0456,-0.46045,-0.108475
5.0,36,3991,627,0.157103,10.0,18.0,27.0,-1.3774,-0.5372,-0.1408
5.0,48,3991,820,0.205462,12.75,23.0,36.0,-1.7126,-0.7356,-0.20545
5.0,60,3991,1006,0.252067,15.0,29.0,45.0,-1.834875,-0.85775,-0.2711
5.0,72,3991,1168,0.292658,17.0,34.0,52.0,-2.03785,-0.9349,-0.30395
5.0,84,3991,1358,0.340266,19.0,40.0,61.0,-2.17895,-0.9976,-0.340825
5.0,96,3991,1490,0.37334,21.0,44.0,68.0,-2.201625,-1.0228,-0.37755
